<?xml version="1.0" encoding="UTF-8"?>
<project-private xmlns="http://www.netbeans.org/ns/project-private/1">
    <editor-bookmarks xmlns="http://www.netbeans.org/ns/editor-bookmarks/2" lastBookmarkId="0"/>
    <open-files xmlns="http://www.netbeans.org/ns/projectui-open-files/2">
        <group>
            <file>file:/home/ismael/NetBeansProjects/Practica1_PDOO/src/irrgarten/TestP1.java</file>
            <file>file:/home/ismael/NetBeansProjects/Practica1_PDOO/src/irrgarten/Dice.java</file>
            <file>file:/home/ismael/NetBeansProjects/Practica1_PDOO/src/irrgarten/GameState.java</file>
            <file>file:/home/ismael/NetBeansProjects/Practica1_PDOO/src/irrgarten/Shield.java</file>
            <file>file:/home/ismael/NetBeansProjects/Practica1_PDOO/src/irrgarten/Weapon.java</file>
        </group>
    </open-files>
</project-private>
